USE `gc_demo_local`;
-- MySQL dump 10.13  Distrib 5.7.9, for Win64 (x86_64)
--
-- Host: 127.0.0.1    Database: scs_demo_local
-- ------------------------------------------------------
-- Server version	5.6.33-0ubuntu0.14.04.1

/*!40101 SET @OLD_CHARACTER_SET_CLIENT=@@CHARACTER_SET_CLIENT */;
/*!40101 SET @OLD_CHARACTER_SET_RESULTS=@@CHARACTER_SET_RESULTS */;
/*!40101 SET @OLD_COLLATION_CONNECTION=@@COLLATION_CONNECTION */;
/*!40101 SET NAMES utf8 */;
/*!40103 SET @OLD_TIME_ZONE=@@TIME_ZONE */;
/*!40103 SET TIME_ZONE='+00:00' */;
/*!40014 SET @OLD_UNIQUE_CHECKS=@@UNIQUE_CHECKS, UNIQUE_CHECKS=0 */;
/*!40014 SET @OLD_FOREIGN_KEY_CHECKS=@@FOREIGN_KEY_CHECKS, FOREIGN_KEY_CHECKS=0 */;
/*!40101 SET @OLD_SQL_MODE=@@SQL_MODE, SQL_MODE='NO_AUTO_VALUE_ON_ZERO' */;
/*!40111 SET @OLD_SQL_NOTES=@@SQL_NOTES, SQL_NOTES=0 */;

--
-- Dumping data for table `increment_id`
--

LOCK TABLES `increment_id` WRITE;
/*!40000 ALTER TABLE `increment_id` DISABLE KEYS */;
INSERT INTO `increment_id` VALUES ('customer_number',2605912398810177,1000022,'2015-12-10 19:33:00'),('order_number',2605912398810177,4000014,'2016-11-17 16:43:48');
/*!40000 ALTER TABLE `increment_id` ENABLE KEYS */;
UNLOCK TABLES;

--
-- Dumping data for table `inventory_stock`
--

LOCK TABLES `inventory_stock` WRITE;
/*!40000 ALTER TABLE `inventory_stock` DISABLE KEYS */;
INSERT INTO `inventory_stock` VALUES (11365373394510121,11365373394510101,NULL,NULL,94,1,NULL,NULL,'2016-08-08 13:24:31',NULL),(11365725126210100,11365373394510101,NULL,NULL,10000,1,NULL,NULL,'2017-01-09 10:19:32',NULL),(11366945409610100,11365373394510101,NULL,NULL,10000,1,NULL,NULL,'2017-01-09 10:19:32',NULL),(12060168950110100,12057607531010100,NULL,NULL,10000,1,NULL,NULL,'2017-01-09 10:19:32',NULL),(12061126989810100,12057607531010100,NULL,NULL,10000,1,NULL,NULL,'2017-01-09 10:19:32',NULL),(12061132460810100,12057607531010100,NULL,NULL,10000,1,NULL,NULL,'2017-01-09 10:19:32',NULL),(12654881523110100,11365373394510101,NULL,NULL,10000,1,NULL,NULL,'2017-01-09 10:19:32',NULL),(12695595219910100,12695084524110100,NULL,NULL,10000,1,NULL,NULL,'2017-01-09 10:19:33',NULL),(12695614593410100,12695084524110100,NULL,NULL,10000,1,NULL,NULL,'2017-01-09 10:19:33',NULL),(12695621819810100,12695084524110100,NULL,NULL,10000,1,NULL,NULL,'2017-01-09 10:19:33',NULL),(12695624829010100,12695084524110100,NULL,NULL,10000,1,NULL,NULL,'2017-01-09 10:19:33',NULL),(12695641448510100,12695084466310100,NULL,NULL,10000,1,NULL,NULL,'2017-01-09 10:19:32',NULL),(12695641587110100,12695084466310100,NULL,NULL,10000,1,NULL,NULL,'2017-01-09 10:19:32',NULL),(12695641821310100,12695084466310100,NULL,NULL,10000,1,NULL,NULL,'2017-01-09 10:19:32',NULL),(12695641986910100,12695084466310100,NULL,NULL,10000,1,NULL,NULL,'2017-01-09 10:19:32',NULL),(12695656329310100,12695084474010100,NULL,NULL,10000,1,NULL,NULL,'2017-01-09 10:19:32',NULL),(12695656499810100,12695084474010100,NULL,NULL,10000,1,NULL,NULL,'2017-01-09 10:19:32',NULL),(12695656671510100,12695084474010100,NULL,NULL,10000,1,NULL,NULL,'2017-01-09 10:19:32',NULL),(12695656993510100,12695084474010100,NULL,NULL,10000,1,NULL,NULL,'2017-01-09 10:19:32',NULL),(12695665634310100,12695084486910100,NULL,NULL,10000,1,NULL,NULL,'2017-01-09 10:19:32',NULL),(12695665827510100,12695084486910100,NULL,NULL,10000,1,NULL,NULL,'2017-01-09 10:19:32',NULL),(12695666035610100,12695084486910100,NULL,NULL,10000,1,NULL,NULL,'2017-01-09 10:19:32',NULL),(12695666203010100,12695084486910100,NULL,NULL,10000,1,NULL,NULL,'2017-01-09 10:19:32',NULL),(12695676110810100,12695084506310100,NULL,NULL,10000,1,NULL,NULL,'2017-01-09 10:19:32',NULL),(12695676268710100,12695084506310100,NULL,NULL,10000,1,NULL,NULL,'2017-01-09 10:19:32',NULL),(12695676434710100,12695084506310100,NULL,NULL,10000,1,NULL,NULL,'2017-01-09 10:19:32',NULL),(12695676575510100,12695084506310100,NULL,NULL,10000,1,NULL,NULL,'2017-01-09 10:19:33',NULL),(12695686697310100,12695084514310100,NULL,NULL,10000,1,NULL,NULL,'2017-01-09 10:19:33',NULL),(12695686854810100,12695084514310100,NULL,NULL,10000,1,NULL,NULL,'2017-01-09 10:19:33',NULL),(12695686995510100,12695084514310100,NULL,NULL,10000,1,NULL,NULL,'2017-01-09 10:19:33',NULL),(12695687129010100,12695084514310100,NULL,NULL,10000,1,NULL,NULL,'2017-01-09 10:19:33',NULL),(12695696627610100,12695084431910100,NULL,NULL,10000,1,NULL,NULL,'2017-01-09 10:19:32',NULL),(12695696764910100,12695084431910100,NULL,NULL,10000,1,NULL,NULL,'2017-01-09 10:19:32',NULL),(12695696919410100,12695084431910100,NULL,NULL,10000,1,NULL,NULL,'2017-01-09 10:19:32',NULL),(12695697083710100,12695084431910100,NULL,NULL,10000,1,NULL,NULL,'2017-01-09 10:19:32',NULL),(12695722680410100,12695084443910100,NULL,NULL,10000,1,NULL,NULL,'2017-01-09 10:19:32',NULL),(12695722881110100,12695084443910100,NULL,NULL,10000,1,NULL,NULL,'2017-01-09 10:19:32',NULL),(12695723079510100,12695084443910100,NULL,NULL,10000,1,NULL,NULL,'2017-01-09 10:19:32',NULL),(12695723286910100,12695084443910100,NULL,NULL,10000,1,NULL,NULL,'2017-01-09 10:19:32',NULL),(12695738392910100,12695084391810100,NULL,NULL,10000,1,NULL,NULL,'2017-01-09 10:19:32',NULL),(12695738725010100,12695084391810100,NULL,NULL,10000,1,NULL,NULL,'2017-01-09 10:19:32',NULL),(12695738901910100,12695084391810100,NULL,NULL,10000,1,NULL,NULL,'2017-01-09 10:19:32',NULL),(12695739090010100,12695084391810100,NULL,NULL,10000,1,NULL,NULL,'2017-01-09 10:19:32',NULL),(12695747460610100,12695084382810100,NULL,NULL,10000,1,NULL,NULL,'2017-01-09 10:19:32',NULL),(12695747635610100,12695084382810100,NULL,NULL,10000,1,NULL,NULL,'2017-01-09 10:19:32',NULL),(12695747790510100,12695084382810100,NULL,NULL,10000,1,NULL,NULL,'2017-01-09 10:19:32',NULL),(12695747908810100,12695084382810100,NULL,NULL,10000,1,NULL,NULL,'2017-01-09 10:19:32',NULL),(12695756026310100,12695084400510100,NULL,NULL,10000,1,NULL,NULL,'2017-01-09 10:19:32',NULL),(12695756175510100,12695084400510100,NULL,NULL,10000,1,NULL,NULL,'2017-01-09 10:19:32',NULL),(12695756348310100,12695084400510100,NULL,NULL,10000,1,NULL,NULL,'2017-01-09 10:19:32',NULL),(12695756529110100,12695084400510100,NULL,NULL,10000,1,NULL,NULL,'2017-01-09 10:19:32',NULL),(12695765396410100,12695084422010100,NULL,NULL,10000,1,NULL,NULL,'2017-01-09 10:19:32',NULL),(12695765629210100,12695084422010100,NULL,NULL,10000,1,NULL,NULL,'2017-01-09 10:19:32',NULL),(12695765752610100,12695084422010100,NULL,NULL,10000,1,NULL,NULL,'2017-01-09 10:19:32',NULL),(12695765935810100,12695084422010100,NULL,NULL,10000,1,NULL,NULL,'2017-01-09 10:19:32',NULL),(12695787859710100,12695506700210100,NULL,NULL,10000,1,NULL,NULL,'2017-01-09 10:19:33',NULL),(12695789800310100,12695506692810100,NULL,NULL,10000,1,NULL,NULL,'2017-01-09 10:19:33',NULL),(12695792953810100,12695506706710100,NULL,NULL,10000,1,NULL,NULL,'2017-01-09 10:19:33',NULL),(12695798586010100,12695506681310100,NULL,NULL,10000,1,NULL,NULL,'2017-01-09 10:19:33',NULL),(12695800963510100,12695506687310100,NULL,NULL,10000,1,NULL,NULL,'2017-01-09 10:19:33',NULL),(12695803181110100,12695506647610100,NULL,NULL,10000,1,NULL,NULL,'2017-01-09 10:19:33',NULL),(12695805285710100,12695506635010100,NULL,NULL,10000,1,NULL,NULL,'2017-01-09 10:19:33',NULL),(12695806543610100,12695506642010100,NULL,NULL,10000,1,NULL,NULL,'2017-01-09 10:19:33',NULL),(12695808022010100,12695506670810100,NULL,NULL,10000,1,NULL,NULL,'2017-01-09 10:19:33',NULL),(12695809292210100,12695506676310100,NULL,NULL,10000,1,NULL,NULL,'2017-01-09 10:19:33',NULL),(12695811017110100,12695506653910100,NULL,NULL,10000,1,NULL,NULL,'2017-01-09 10:19:33',NULL),(12695812476210100,12695506658910100,NULL,NULL,10000,1,NULL,NULL,'2017-01-09 10:19:33',NULL),(12695814677810100,12695506664810100,NULL,NULL,10000,1,NULL,NULL,'2017-01-09 10:19:33',NULL),(12696055267710100,12695369667110100,NULL,NULL,10000,1,NULL,NULL,'2017-01-09 10:19:33',NULL);
/*!40000 ALTER TABLE `inventory_stock` ENABLE KEYS */;
UNLOCK TABLES;

--
-- Dumping data for table `price`
--

LOCK TABLES `price` WRITE;
/*!40000 ALTER TABLE `price` DISABLE KEYS */;
INSERT INTO `price` VALUES (11365725126210100,NULL,11365373394510101,NULL,NULL,0,'USD','',NULL,5190477153410100,NULL,0.2900,NULL,NULL,NULL,'2016-08-08 11:27:31',NULL,'2016-08-08 10:27:31',NULL),(11366945409610100,NULL,11365373394510101,NULL,NULL,0,'EUR','',NULL,5190477153410100,NULL,0.2600,NULL,NULL,'[\"11365373394510101\",\"12291051615510100\",\"12291051615510101\"]','2016-08-08 14:50:54',NULL,'2017-01-04 14:56:40',NULL),(12060168950110100,NULL,12057607531010100,NULL,NULL,0,'EUR','',NULL,5190477153410100,NULL,13.9900,NULL,NULL,NULL,'2016-10-27 20:28:10',NULL,'2016-10-27 20:44:14',NULL),(12061126989810100,NULL,12057607531010100,NULL,NULL,0,'EUR','',NULL,5190477153410100,NULL,4.5900,NULL,NULL,NULL,'2016-10-27 23:07:50',NULL,'2016-10-27 21:08:15',NULL),(12061132460810100,NULL,12057607531010100,NULL,NULL,0,'EUR','',NULL,5190477153410100,NULL,11.0000,NULL,NULL,NULL,'2016-10-27 23:08:45',NULL,'2016-10-27 21:08:45',NULL),(12654881523110100,NULL,11365373394510101,NULL,NULL,0,'EUR','',0,5190477153410100,NULL,0.5500,NULL,NULL,NULL,'2017-01-04 15:26:55',NULL,'2017-01-04 15:26:55',NULL),(12695595219910100,NULL,12695084524110100,NULL,NULL,0,'EUR','',0,5190477153410100,NULL,759.9500,NULL,NULL,NULL,'2017-01-09 08:32:32',NULL,'2017-01-09 07:36:29',NULL),(12695614593410100,NULL,12695084524110100,NULL,NULL,0,'EUR','',0,5190477153410100,NULL,99.9500,NULL,NULL,'[\"12695369667110100\"]','2017-01-09 08:35:46',NULL,'2017-01-09 07:36:31',NULL),(12695621819810100,NULL,12695084524110100,NULL,NULL,0,'EUR','',0,5190477153410100,NULL,199.9500,NULL,NULL,'[\"12695369656710100\"]','2017-01-09 08:36:58',NULL,'2017-01-09 07:37:12',NULL),(12695624829010100,NULL,12695084524110100,NULL,NULL,0,'EUR','',0,5190477153410100,NULL,299.9500,NULL,NULL,'[\"12695369647110100\"]','2017-01-09 08:37:28',NULL,'2017-01-09 07:38:35',NULL),(12695641448510100,NULL,12695084466310100,NULL,NULL,0,'EUR','',0,5190477153410100,NULL,759.9500,NULL,NULL,NULL,'2017-01-09 08:40:14',NULL,'2017-01-09 08:40:14',NULL),(12695641587110100,NULL,12695084466310100,NULL,NULL,0,'EUR','',0,5190477153410100,NULL,99.9500,NULL,NULL,'[\"12695369667110100\"]','2017-01-09 08:40:16',NULL,'2017-01-09 07:40:34',NULL),(12695641821310100,NULL,12695084466310100,NULL,NULL,0,'EUR','',0,5190477153410100,NULL,199.9500,NULL,NULL,'[\"12695369656710100\"]','2017-01-09 08:40:18',NULL,'2017-01-09 07:40:49',NULL),(12695641986910100,NULL,12695084466310100,NULL,NULL,0,'EUR','',0,5190477153410100,NULL,299.9500,NULL,NULL,'[\"12695369647110100\"]','2017-01-09 08:40:20',NULL,'2017-01-09 07:40:57',NULL),(12695656329310100,NULL,12695084474010100,NULL,NULL,0,'EUR','',0,5190477153410100,NULL,759.9500,NULL,NULL,NULL,'2017-01-09 08:42:43',NULL,'2017-01-09 08:42:43',NULL),(12695656499810100,NULL,12695084474010100,NULL,NULL,0,'EUR','',0,5190477153410100,NULL,99.9500,NULL,NULL,'[\"12695369667110100\"]','2017-01-09 08:42:45',NULL,'2017-01-09 07:43:00',NULL),(12695656671510100,NULL,12695084474010100,NULL,NULL,0,'EUR','',0,5190477153410100,NULL,199.9500,NULL,NULL,'[\"12695369656710100\"]','2017-01-09 08:42:47',NULL,'2017-01-09 07:43:09',NULL),(12695656993510100,NULL,12695084474010100,NULL,NULL,0,'EUR','',0,5190477153410100,NULL,299.9500,NULL,NULL,'[\"12695369647110100\"]','2017-01-09 08:42:50',NULL,'2017-01-09 07:43:24',NULL),(12695665634310100,NULL,12695084486910100,NULL,NULL,0,'EUR','',0,5190477153410100,NULL,759.9500,NULL,NULL,NULL,'2017-01-09 08:44:16',NULL,'2017-01-09 08:44:16',NULL),(12695665827510100,NULL,12695084486910100,NULL,NULL,0,'EUR','',0,5190477153410100,NULL,99.9500,NULL,NULL,'[\"12695369667110100\"]','2017-01-09 08:44:18',NULL,'2017-01-09 07:44:42',NULL),(12695666035610100,NULL,12695084486910100,NULL,NULL,0,'EUR','',0,5190477153410100,NULL,199.9500,NULL,NULL,'[\"12695369656710100\"]','2017-01-09 08:44:20',NULL,'2017-01-09 07:44:55',NULL),(12695666203010100,NULL,12695084486910100,NULL,NULL,0,'EUR','',0,5190477153410100,NULL,299.9500,NULL,NULL,'[\"12695369647110100\"]','2017-01-09 08:44:22',NULL,'2017-01-09 07:45:07',NULL),(12695676110810100,NULL,12695084506310100,NULL,NULL,0,'EUR','',0,5190477153410100,NULL,759.9500,NULL,NULL,NULL,'2017-01-09 08:46:01',NULL,'2017-01-09 08:46:01',NULL),(12695676268710100,NULL,12695084506310100,NULL,NULL,0,'EUR','',0,5190477153410100,NULL,99.9500,NULL,NULL,'[\"12695369667110100\"]','2017-01-09 08:46:03',NULL,'2017-01-09 07:46:17',NULL),(12695676434710100,NULL,12695084506310100,NULL,NULL,0,'EUR','',0,5190477153410100,NULL,199.9500,NULL,NULL,'[\"12695369656710100\"]','2017-01-09 08:46:04',NULL,'2017-01-09 07:46:25',NULL),(12695676575510100,NULL,12695084506310100,NULL,NULL,0,'EUR','',0,5190477153410100,NULL,299.9500,NULL,NULL,'[\"12695369647110100\"]','2017-01-09 08:46:06',NULL,'2017-01-09 07:46:37',NULL),(12695686697310100,NULL,12695084514310100,NULL,NULL,0,'EUR','',0,5190477153410100,NULL,759.9500,NULL,NULL,NULL,'2017-01-09 08:47:47',NULL,'2017-01-09 07:48:22',NULL),(12695686854810100,NULL,12695084514310100,NULL,NULL,0,'EUR','',0,5190477153410100,NULL,99.9500,NULL,NULL,'[\"12695369667110100\"]','2017-01-09 08:47:49',NULL,'2017-01-09 07:48:24',NULL),(12695686995510100,NULL,12695084514310100,NULL,NULL,0,'EUR','',0,5190477153410100,NULL,199.9500,NULL,NULL,'[\"12695369656710100\"]','2017-01-09 08:47:50',NULL,'2017-01-09 07:48:26',NULL),(12695687129010100,NULL,12695084514310100,NULL,NULL,0,'EUR','',0,5190477153410100,NULL,299.9500,NULL,NULL,'[\"12695369647110100\"]','2017-01-09 08:47:51',NULL,'2017-01-09 07:48:29',NULL),(12695696627610100,NULL,12695084431910100,NULL,NULL,0,'EUR','',0,5190477153410100,NULL,729.9500,NULL,NULL,NULL,'2017-01-09 08:49:26',NULL,'2017-01-09 08:49:26',NULL),(12695696764910100,NULL,12695084431910100,NULL,NULL,0,'EUR','',0,5190477153410100,NULL,79.9500,NULL,NULL,'[\"12695369667110100\"]','2017-01-09 08:49:28',NULL,'2017-01-09 07:49:57',NULL),(12695696919410100,NULL,12695084431910100,NULL,NULL,0,'EUR','',0,5190477153410100,NULL,179.9500,NULL,NULL,'[\"12695369656710100\"]','2017-01-09 08:49:29',NULL,'2017-01-09 07:49:59',NULL),(12695697083710100,NULL,12695084431910100,NULL,NULL,0,'EUR','',0,5190477153410100,NULL,279.9500,NULL,NULL,'[\"12695369647110100\"]','2017-01-09 08:49:31',NULL,'2017-01-09 07:50:02',NULL),(12695722680410100,NULL,12695084443910100,NULL,NULL,0,'EUR','',0,5190477153410100,NULL,729.9500,NULL,NULL,NULL,'2017-01-09 08:53:47',NULL,'2017-01-09 07:54:29',NULL),(12695722881110100,NULL,12695084443910100,NULL,NULL,0,'EUR','',0,5190477153410100,NULL,79.9500,NULL,NULL,'[\"12695369667110100\"]','2017-01-09 08:53:49',NULL,'2017-01-09 07:55:25',NULL),(12695723079510100,NULL,12695084443910100,NULL,NULL,0,'EUR','',0,5190477153410100,NULL,179.9500,NULL,NULL,'[\"12695369656710100\"]','2017-01-09 08:53:51',NULL,'2017-01-09 07:55:23',NULL),(12695723286910100,NULL,12695084443910100,NULL,NULL,0,'EUR','',0,5190477153410100,NULL,279.9500,NULL,NULL,'[\"12695369647110100\"]','2017-01-09 08:53:53',NULL,'2017-01-09 07:55:20',NULL),(12695738392910100,NULL,12695084391810100,NULL,NULL,0,'EUR','',0,5190477153410100,NULL,729.9500,NULL,NULL,NULL,'2017-01-09 08:56:24',NULL,'2017-01-09 08:56:23',NULL),(12695738725010100,NULL,12695084391810100,NULL,NULL,0,'EUR','',0,5190477153410100,NULL,79.9500,NULL,NULL,'[\"12695369667110100\"]','2017-01-09 08:56:27',NULL,'2017-01-09 07:57:08',NULL),(12695738901910100,NULL,12695084391810100,NULL,NULL,0,'EUR','',0,5190477153410100,NULL,179.9500,NULL,NULL,'[\"12695369656710100\"]','2017-01-09 08:56:29',NULL,'2017-01-09 07:57:06',NULL),(12695739090010100,NULL,12695084391810100,NULL,NULL,0,'EUR','',0,5190477153410100,NULL,279.9500,NULL,NULL,'[\"12695369647110100\"]','2017-01-09 08:56:31',NULL,'2017-01-09 07:57:03',NULL),(12695747460610100,NULL,12695084382810100,NULL,NULL,0,'EUR','',0,5190477153410100,NULL,729.9500,NULL,NULL,NULL,'2017-01-09 08:57:55',NULL,'2017-01-09 08:57:54',NULL),(12695747635610100,NULL,12695084382810100,NULL,NULL,0,'EUR','',0,5190477153410100,NULL,79.9500,NULL,NULL,'[\"12695369667110100\"]','2017-01-09 08:57:56',NULL,'2017-01-09 07:58:10',NULL),(12695747790510100,NULL,12695084382810100,NULL,NULL,0,'EUR','',0,5190477153410100,NULL,179.9500,NULL,NULL,'[\"12695369656710100\"]','2017-01-09 08:57:58',NULL,'2017-01-09 07:58:23',NULL),(12695747908810100,NULL,12695084382810100,NULL,NULL,0,'EUR','',0,5190477153410100,NULL,279.9500,NULL,NULL,'[\"12695369647110100\"]','2017-01-09 08:57:59',NULL,'2017-01-09 07:58:32',NULL),(12695756026310100,NULL,12695084400510100,NULL,NULL,0,'EUR','',0,5190477153410100,NULL,729.9500,NULL,NULL,NULL,'2017-01-09 08:59:20',NULL,'2017-01-09 08:59:20',NULL),(12695756175510100,NULL,12695084400510100,NULL,NULL,0,'EUR','',0,5190477153410100,NULL,79.9500,NULL,NULL,'[\"12695369667110100\"]','2017-01-09 08:59:22',NULL,'2017-01-09 07:59:38',NULL),(12695756348310100,NULL,12695084400510100,NULL,NULL,0,'EUR','',0,5190477153410100,NULL,179.9500,NULL,NULL,'[\"12695369656710100\"]','2017-01-09 08:59:23',NULL,'2017-01-09 07:59:47',NULL),(12695756529110100,NULL,12695084400510100,NULL,NULL,0,'EUR','',0,5190477153410100,NULL,279.9500,NULL,NULL,'[\"12695369647110100\"]','2017-01-09 08:59:25',NULL,'2017-01-09 07:59:58',NULL),(12695765396410100,NULL,12695084422010100,NULL,NULL,0,'EUR','',0,5190477153410100,NULL,729.9500,NULL,NULL,NULL,'2017-01-09 09:00:54',NULL,'2017-01-09 09:00:53',NULL),(12695765629210100,NULL,12695084422010100,NULL,NULL,0,'EUR','',0,5190477153410100,NULL,79.9500,NULL,NULL,'[\"12695369667110100\"]','2017-01-09 09:00:56',NULL,'2017-01-09 08:01:14',NULL),(12695765752610100,NULL,12695084422010100,NULL,NULL,0,'EUR','',0,5190477153410100,NULL,179.9500,NULL,NULL,'[\"12695369656710100\"]','2017-01-09 09:00:58',NULL,'2017-01-09 08:01:38',NULL),(12695765935810100,NULL,12695084422010100,NULL,NULL,0,'EUR','',0,5190477153410100,NULL,279.9500,NULL,NULL,'[\"12695369647110100\"]','2017-01-09 09:00:59',NULL,'2017-01-09 08:01:50',NULL),(12695787859710100,NULL,12695506700210100,NULL,NULL,0,'EUR','',0,5190477153410100,NULL,9.9500,NULL,NULL,NULL,'2017-01-09 09:04:39',NULL,'2017-01-09 09:04:38',NULL),(12695789800310100,NULL,12695506692810100,NULL,NULL,0,'EUR','',0,5190477153410100,NULL,0.0000,NULL,NULL,NULL,'2017-01-09 09:04:58',NULL,'2017-01-09 09:04:58',NULL),(12695792953810100,NULL,12695506706710100,NULL,NULL,0,'EUR','',0,5190477153410100,NULL,4.9500,NULL,NULL,NULL,'2017-01-09 09:05:30',NULL,'2017-01-09 09:05:29',NULL),(12695798586010100,NULL,12695506681310100,NULL,NULL,0,'EUR','',0,5190477153410100,NULL,9.9500,NULL,NULL,NULL,'2017-01-09 09:06:26',NULL,'2017-01-09 09:06:25',NULL),(12695800963510100,NULL,12695506687310100,NULL,NULL,0,'EUR','',0,5190477153410100,NULL,29.9500,NULL,NULL,NULL,'2017-01-09 09:06:50',NULL,'2017-01-09 09:06:49',NULL),(12695803181110100,NULL,12695506647610100,NULL,NULL,0,'EUR','',0,5190477153410100,NULL,0.0000,NULL,NULL,NULL,'2017-01-09 09:07:12',NULL,'2017-01-09 08:07:17',NULL),(12695805285710100,NULL,12695506635010100,NULL,NULL,0,'EUR','',0,5190477153410100,NULL,0.0000,NULL,NULL,NULL,'2017-01-09 09:07:33',NULL,'2017-01-09 08:07:36',NULL),(12695806543610100,NULL,12695506642010100,NULL,NULL,0,'EUR','',0,5190477153410100,NULL,0.0000,NULL,NULL,NULL,'2017-01-09 09:07:45',NULL,'2017-01-09 09:07:45',NULL),(12695808022010100,NULL,12695506670810100,NULL,NULL,0,'EUR','',0,5190477153410100,NULL,0.0000,NULL,NULL,NULL,'2017-01-09 09:08:00',NULL,'2017-01-09 09:08:00',NULL),(12695809292210100,NULL,12695506676310100,NULL,NULL,0,'EUR','',0,5190477153410100,NULL,0.0000,NULL,NULL,NULL,'2017-01-09 09:08:13',NULL,'2017-01-09 09:08:12',NULL),(12695811017110100,NULL,12695506653910100,NULL,NULL,0,'EUR','',0,5190477153410100,NULL,0.0000,NULL,NULL,NULL,'2017-01-09 09:08:30',NULL,'2017-01-09 09:08:30',NULL),(12695812476210100,NULL,12695506658910100,NULL,NULL,0,'EUR','',0,5190477153410100,NULL,0.0000,NULL,NULL,NULL,'2017-01-09 09:08:45',NULL,'2017-01-09 09:08:44',NULL),(12695814677810100,NULL,12695506664810100,NULL,NULL,0,'EUR','',0,5190477153410100,NULL,0.0000,NULL,NULL,NULL,'2017-01-09 09:09:07',NULL,'2017-01-09 09:09:06',NULL),(12696055267710100,NULL,12695369667110100,NULL,NULL,0,'EUR','',0,5190477153410100,NULL,1.0000,NULL,NULL,NULL,'2017-01-09 09:49:13',NULL,'2017-01-09 08:52:17',NULL);
/*!40000 ALTER TABLE `price` ENABLE KEYS */;
UNLOCK TABLES;

--
-- Dumping data for table `sale_order`
--

LOCK TABLES `sale_order` WRITE;
/*!40000 ALTER TABLE `sale_order` DISABLE KEYS */;
/*!40000 ALTER TABLE `sale_order` ENABLE KEYS */;
UNLOCK TABLES;

--
-- Dumping data for table `sale_order_address`
--

LOCK TABLES `sale_order_address` WRITE;
/*!40000 ALTER TABLE `sale_order_address` DISABLE KEYS */;
/*!40000 ALTER TABLE `sale_order_address` ENABLE KEYS */;
UNLOCK TABLES;

--
-- Dumping data for table `sale_order_company`
--

LOCK TABLES `sale_order_company` WRITE;
/*!40000 ALTER TABLE `sale_order_company` DISABLE KEYS */;
/*!40000 ALTER TABLE `sale_order_company` ENABLE KEYS */;
UNLOCK TABLES;

--
-- Dumping data for table `sale_order_item`
--

LOCK TABLES `sale_order_item` WRITE;
/*!40000 ALTER TABLE `sale_order_item` DISABLE KEYS */;
/*!40000 ALTER TABLE `sale_order_item` ENABLE KEYS */;
UNLOCK TABLES;

--
-- Dumping data for table `sale_order_payment`
--

LOCK TABLES `sale_order_payment` WRITE;
/*!40000 ALTER TABLE `sale_order_payment` DISABLE KEYS */;
/*!40000 ALTER TABLE `sale_order_payment` ENABLE KEYS */;
UNLOCK TABLES;

--
-- Dumping data for table `sale_order_payment_event`
--

LOCK TABLES `sale_order_payment_event` WRITE;
/*!40000 ALTER TABLE `sale_order_payment_event` DISABLE KEYS */;
/*!40000 ALTER TABLE `sale_order_payment_event` ENABLE KEYS */;
UNLOCK TABLES;

--
-- Dumping data for table `sale_order_shipment`
--

LOCK TABLES `sale_order_shipment` WRITE;
/*!40000 ALTER TABLE `sale_order_shipment` DISABLE KEYS */;
/*!40000 ALTER TABLE `sale_order_shipment` ENABLE KEYS */;
UNLOCK TABLES;

--
-- Dumping data for table `sale_order_shipment_item`
--

LOCK TABLES `sale_order_shipment_item` WRITE;
/*!40000 ALTER TABLE `sale_order_shipment_item` DISABLE KEYS */;
/*!40000 ALTER TABLE `sale_order_shipment_item` ENABLE KEYS */;
UNLOCK TABLES;

--
-- Dumping data for table `sale_order_shipment_option`
--

LOCK TABLES `sale_order_shipment_option` WRITE;
/*!40000 ALTER TABLE `sale_order_shipment_option` DISABLE KEYS */;
/*!40000 ALTER TABLE `sale_order_shipment_option` ENABLE KEYS */;
UNLOCK TABLES;

--
-- Dumping data for table `sale_order_status_history`
--

LOCK TABLES `sale_order_status_history` WRITE;
/*!40000 ALTER TABLE `sale_order_status_history` DISABLE KEYS */;
/*!40000 ALTER TABLE `sale_order_status_history` ENABLE KEYS */;
UNLOCK TABLES;

--
-- Dumping events for database 'scs_demo_local'
--
/*!40103 SET TIME_ZONE=@OLD_TIME_ZONE */;

/*!40101 SET SQL_MODE=@OLD_SQL_MODE */;
/*!40014 SET FOREIGN_KEY_CHECKS=@OLD_FOREIGN_KEY_CHECKS */;
/*!40014 SET UNIQUE_CHECKS=@OLD_UNIQUE_CHECKS */;
/*!40101 SET CHARACTER_SET_CLIENT=@OLD_CHARACTER_SET_CLIENT */;
/*!40101 SET CHARACTER_SET_RESULTS=@OLD_CHARACTER_SET_RESULTS */;
/*!40101 SET COLLATION_CONNECTION=@OLD_COLLATION_CONNECTION */;
/*!40111 SET SQL_NOTES=@OLD_SQL_NOTES */;

-- Dump completed on 2017-06-21  0:33:28
